2,25,58,92,200,222,300,347
0.7018679211866007,0.0,0.0,0.0,0.0,0.0,0.29813207881295367,0.0
1.0,0.0,0.0,0.0,0.0,0.0,0.0,0.0
0.4550967467292535,0.36324032494793046,0.12146693133504576,0.0,0.0,0.0,0.0,0.06019599698777034
0.5311172215937497,0.46888277840625026,0.0,0.0,0.0,0.0,0.0,0.0
0.937226052970398,0.0,0.0,0.0,0.0,0.025168049288217885,0.037605897741384106,0.0
0.38461968740743724,0.18746476745053986,0.28320977163731503,0.0,0.0,0.0,0.022398059297751523,0.12230771420695633
0.2494064027870355,0.7102171881457492,0.0,0.0,0.0,0.0,0.04037640906721534,0.0
0.6029727701004249,0.0790706397301103,0.0,0.0,0.0,0.008738609188784762,0.0,0.30921798098068
0.8089239116769835,0.03706992199575332,0.0,0.0,0.0,0.07853046755487764,0.0,0.07547569877238547
0.20413637562550044,0.7259150983243197,0.022033479879145463,0.0,0.0,0.0,0.0,0.04791504617103437
0.3998180713682251,0.4588466765814324,0.0,0.0,0.0,0.0,0.0,0.1413352520503425
0.568358556087372,0.1961132731257863,0.0,0.0,0.0,0.0,0.2355281707868418,0.0
0.540901901566131,0.07150726418391473,0.0,0.0,0.0,0.11248393470900665,0.2751068995409475,0.0
0.666353982763468,0.23420423108412303,0.0,0.0,0.0,0.09944178615240896,0.0,0.0
0.38406976557935707,0.306213063865548,0.0,0.0,0.0,0.04437092203951171,0.0,0.2653462485155833
0.4377716562471973,0.2531779783850708,0.0,0.0,0.0,0.07982378034642347,0.0,0.22922658502130847
0.36418289409443627,0.41331538099371046,0.0,0.0,0.0,0.052934345134025784,0.0,0.16956737977782757
0.08083853404136239,0.5844807451516296,0.1920984904901177,0.0,0.0,0.0,0.0,0.14258223031689016
0.3557802725952426,0.14085457968297377,0.5033651477217836,0.0,0.0,0.0,0.0,0.0
0.08845466826676326,0.15407454725065464,0.7574707844825821,0.0,0.0,0.0,0.0,0.0
0.05267203345496818,0.7013375188449233,0.24599044770010842,0.0,0.0,0.0,0.0,0.0
0.48839002795583364,0.31818074995865386,0.0,0.19342922208551255,0.0,0.0,0.0,0.0
0.04154648652036502,0.8892111619048881,0.0,0.0,0.0,0.0,0.0,0.06924235157474691
0.0,1.0,0.0,0.0,0.0,0.0,0.0,0.0
0.0,1.0,0.0,0.0,0.0,0.0,0.0,0.0
0.47995510347726034,0.23307499721583558,0.0,0.0,0.0,0.22466569294648206,0.06230420636042205,0.0
0.46756489684088315,0.03834431674747368,0.0,0.0,0.0,0.19575716962517634,0.22981166456834867,0.06852195221811817
0.39199546093931215,0.31713342160209945,0.0,0.09890133306953018,0.0,0.15704713007358403,0.0,0.034922654315474186
0.2949551796026334,0.4296081010213664,0.09439157308933728,0.1810451462866629,0.0,0.0,0.0,0.0
0.0,0.5368910475538259,0.0,0.11900754583081331,0.04173307504708644,0.0,0.0,0.30236833156827436
0.0,0.7651940753775947,0.14232032515809023,0.0480966241885055,0.0,0.0,0.0,0.04438897527580962
0.14584677351844755,0.216895421170761,0.0,0.29557525019230824,0.0,0.0,0.0,0.3416825551184833
0.09915621817120153,0.34123075438743017,0.5012177874601412,0.0,0.0,0.0,0.0,0.058395239981227115
0.0888321909971815,0.032598317256674544,0.43305165751174823,0.0,0.0,0.0,0.18120128388127996,0.2643165503531157
0.16705367371430024,0.23599910139061564,0.0,0.0,0.0,0.31400906250218974,0.0,0.2829381623928944
0.0,0.5144483449399877,0.0,0.1259596924245228,0.117021901433211,0.0,0.0,0.2425700612022785
0.281007153729488,0.12980002187541512,0.0,0.42079515096521836,0.0,0.0,0.0,0.16839767342987852
0.3154870945722632,0.30872754359246046,0.0,0.0,0.0,0.37578536183527633,0.0,0.0
0.3942446854681369,0.17753206558709494,0.0,0.0,0.0,0.42822324894476815,0.0,0.0
0.4294520928201683,0.0,0.0,0.0,0.0,0.47959493218596694,0.0,0.0909529749938648
0.0,0.20002390319296787,0.0,0.0,0.08717755794250276,0.10070810808532388,0.3719124715447584,0.2401779592344471
0.43600489229693795,0.03144239619938355,0.0,0.3466254506093724,0.0,0.1859272608943061,0.0,0.0
0.0,0.3110029276812396,0.3048352443358685,0.20420210531010075,0.0,0.0012731472965944151,0.0,0.17868657537619673
0.07494110559822466,0.2334966477382438,0.0,0.4549727405411627,0.0,0.0,0.0,0.2365895061223688
0.08727487036762296,0.09492520804845547,0.7426083433113655,0.0056358705337908105,0.0,0.0,0.0,0.06955570773876531
0.062090856711823315,0.17427024628326507,0.6683665684805168,0.0,0.0,0.0,0.09527232852439486,0.0
0.1455747465734168,0.0,0.10400295727329537,0.18723612529541694,0.030799905261682393,0.0,0.5323862655961885,0.0
0.0,0.07823982079743402,0.2567308308571438,0.0,0.0,0.04350962928243743,0.6215197190629848,0.0
0.16050205972007242,0.042375805081607376,0.5908890582368099,0.16904933641674638,0.0,0.0,0.03718374054476397,0.0
0.2102423970787054,0.05649077947760084,0.0,0.4635005478894181,0.0,0.12609728263100092,0.0,0.14366899292327476
0.0,0.2668191438936805,0.0,0.34644355175816705,0.0,0.11831914942719467,0.09889428951092892,0.1695238654100288
0.21253002078288505,0.02528410353746638,0.0,0.6346116452172103,0.0,0.0,0.0,0.12757423046243838
0.0,0.36757586554705257,0.417640301849065,0.0,0.2147838326038824,0.0,0.0,0.0
0.01878422788400563,0.0,0.7523664119459449,0.0,0.0,0.012924321660815533,0.215925038509234,0.0
0.0,0.0,0.9732016918507402,0.0,0.0,0.0,0.026798308149259754,0.0
0.0,0.03548387096774197,0.964516129032258,0.0,0.0,0.0,0.0,0.0
0.0,0.005874222529371198,0.9941257774706288,0.0,0.0,0.0,0.0,0.0
0.0,0.0,1.0,0.0,0.0,0.0,0.0,0.0
0.0,0.20868191755085,0.10056323157087008,0.13344441623853348,0.36697819171359886,0.0,0.0,0.19033224292614762
0.0,0.3523691334559078,0.0,0.6219176672430553,0.0,0.0,0.0,0.025713199301036847
0.0,0.21644591460919382,0.0,0.0,0.38644727867957995,0.0,0.3971068067112263,0.0
0.15179354347584342,0.0,0.0,0.0,0.0,0.681269352671298,0.0,0.16693710385285865
0.24426743218255292,0.05303791010672526,0.0,0.0,0.0,0.7026946577107218,0.0,0.0
0.24109890336989795,0.0,0.0,0.43131458111876386,0.0,0.32758651551133816,0.0,0.0
0.12298539015640073,0.18029019867248,0.0,0.1897864559759699,0.0,0.5014012560649982,0.0,0.005536699130151197
0.07030825387411875,0.271395926107704,0.0,0.0,0.0,0.6582958200181772,0.0,0.0
0.0,0.0,0.0,0.2893693017778011,0.0,0.3786761758196138,0.0,0.3319545224025851
0.21770952755803416,0.031856169357379255,0.0,0.0,0.0,0.7504343030845866,0.0,0.0
0.0,0.21063594632034133,0.0,0.0,0.3264153403126213,0.2567512412349891,0.1569836579194946,0.049213814212553726
0.1852050587164622,0.0,0.0,0.5226438489181504,0.0,0.29215109236538733,0.0,0.0
0.0,0.3172131147540983,0.0,0.0,0.0,0.6827868852459017,0.0,0.0
0.16488763957911087,0.0625972887695562,0.0,0.0,0.0,0.7725150716513329,0.0,0.0
0.17581410902035177,0.03521396972091395,0.0,0.0,0.0,0.7889719212587343,0.0,0.0
0.0,0.28301886792452824,0.0,0.0,0.0,0.7169811320754718,0.0,0.0
0.0,0.2926491375107805,0.0,0.0022911049219052205,0.0,0.7050597575673143,0.0,0.0
0.1626798477813107,0.0,0.0,0.0,0.0,0.8053831486269964,0.03193700359169279,0.0
0.13003954801822723,0.0,0.0,0.5551811308520195,0.0,0.31477932112975326,0.0,0.0
0.0,0.05439310796741709,0.3675619378416945,0.0,0.5249634711560329,0.0,0.0,0.05308148303485553
0.0,0.05031681507606156,0.0,0.6160079398620985,0.22071012219362018,0.0,0.0,0.11296512286821983
0.0,0.0,0.0,0.8988764044943821,0.0,0.0,0.0,0.10112359550561789
0.0,0.0,0.5306121654767533,0.02096424581094236,0.44842358871230437,0.0,0.0,0.0
0.0,0.06325291069930614,0.15522381544938993,0.0,0.5991929788003888,0.0,0.18233029505091516,0.0
0.0,0.0,0.24905581795498932,0.0,0.5247696942824377,0.04071037849647051,0.1854641092661024,0.0
0.10510412682029721,0.0,0.0,0.24551432133855136,0.0,0.6493815518411514,0.0,0.0
0.0,0.0,0.0,0.9431563201196709,0.0,0.0,0.0,0.05684367988032908
0.0,0.10970223790992994,0.17486075915915644,0.19567461471626532,0.5197623882146483,0.0,0.0,0.0
0.0,0.08078925454428959,0.28397368891416436,0.0,0.635237056541546,0.0,0.0,0.0
0.0,0.0,0.3618683170240825,0.09146914624550528,0.5261400512592469,0.0,0.020522485471165277,0.0
0.0,0.0,0.3560212358965291,0.0,0.6095075076428045,0.0,0.034471256460666365,0.0
0.0,0.0,0.0,0.0,0.49654004125919804,0.23989586182747932,0.2635640969133226,0.0
0.0,0.0,0.24737671181543325,0.21523666323259333,0.3538227733677598,0.1708649846707073,0.009139112448861654,0.003559754464644739
0.0,0.0,0.0,1.0,0.0,0.0,0.0,0.0
0.0,0.07860485100716968,0.0,0.24559038076445489,0.6270658150126329,0.0,0.0,0.04873895321574256
0.0,0.06697922446027339,0.08345142107344726,0.02681675697165465,0.7723095881009413,0.0,0.0,0.050443009393683444
0.0,0.03714321186967676,0.22409263694679024,0.0709707055601819,0.6677934456233511,0.0,0.0,0.0
0.0,0.0,0.09428982725527842,0.0,0.7498648976016995,0.0,0.15584527514302216,0.0
0.0,0.0,0.2611965070137364,0.0,0.589622118093148,0.14918137489311545,0.0,0.0
0.0,0.03341446009591924,0.11574723177735664,0.1992352776896088,0.49464573524531297,0.1569572951918023,0.0,0.0
0.0,0.028425620974124988,0.0,0.45430290802654916,0.011062627725954082,0.5062088432733718,0.0,0.0
0.0,0.0,0.009421462437551013,0.4524027524469087,0.08515245066924368,0.4530233344462966,0.0,0.0
0.0,0.0,0.1420016736656625,0.21396796652719466,0.5222272867761275,0.12180307303101537,0.0,0.0
0.0,0.007843542095092138,0.0,0.40554760074462576,0.557076225163609,0.0,0.0,0.02953263199667311
0.0,0.0,0.0,0.0,0.6049098811383564,0.2629058914452706,0.13218422741637303,0.0
0.0,0.0,0.0,0.0,0.602019192224672,0.12496411096643034,0.2730166968088977,0.0
0.0,0.03185513970361337,0.0,0.3037749840328165,0.37431738051688157,0.2900524957466886,0.0,0.0
0.0,0.0,0.0,0.6347674789341677,0.0,0.3652325210658322,0.0,0.0
0.0,0.0,0.0,0.8628703125724027,0.06626160209474037,0.07086808533285688,0.0,0.0
0.0,0.0,0.0,0.28815531468980793,0.3427776921892153,0.3690669931209768,0.0,0.0
0.0,0.0,0.0466006680169663,0.14636780100757182,0.5403438108248724,0.26668772015058956,0.0,0.0
0.0,0.0,0.0,0.0,0.7759795317726357,0.14187836229362397,0.08214210593374034,0.0
0.0,0.0,0.0,0.0,0.8645973909345742,0.04781933598049345,0.08758327308493227,0.0
0.0,0.0,0.0,0.0,0.38776962403449855,0.6023572947741109,0.009873081191390472,0.0
0.0,0.0,0.0,0.43691037784108555,0.0,0.5630896221589144,0.0,0.0
0.0,0.0,0.0,0.5339962021428003,0.08639940678825289,0.3796043910689468,0.0,0.0
0.0,0.0,0.0,0.7335973326295696,0.05219868002453389,0.2142039873458965,0.0,0.0
0.0,0.01945055759575015,0.0,0.09785288649398344,0.8450048108503496,0.037691745059916834,0.0,0.0
0.0,0.0,0.0,0.008108222859757208,0.2652964480284751,0.7265953291117677,0.0,0.0
0.0,0.0,0.0,0.0,0.9502201104070763,0.00626928228840842,0.04351060730451531,0.0
0.0,0.018204347764799948,0.0,0.043668823850955725,0.9274373238608873,0.010689504523357046,0.0,0.0
0.0,0.0,0.0,0.2215053759413249,0.7784946240586751,0.0,0.0,0.0
0.0,0.0,0.0,0.163440860117683,0.836559139882317,0.0,0.0,0.0
0.0,0.04152937779682736,0.0,0.4513172514304732,0.438954660309761,0.06819871046293849,0.0,0.0
0.0,0.033245341762227876,0.0,0.4502972382321392,0.34613986639748745,0.1703175536081455,0.0,0.0
0.0,0.0,0.0,0.0,0.3012158569036155,0.5609653183914413,0.13781882470494328,0.0
0.0,0.0,0.0,0.0,0.36073133584987005,0.3982349137211749,0.241033750428955,0.0
0.0,0.0,0.0,0.7220568318410119,0.23877979666201446,0.039163371496973715,0.0,0.0
0.0,0.0,0.0,0.027624312488690572,0.9723756875113094,0.0,0.0,0.0
0.0,0.13810397516185713,0.0,0.4162818262033223,0.2416632610945617,0.20395093754025878,0.0,0.0
0.0,0.0,0.0,0.6275335854443274,0.2596556508483561,0.10504353502408119,0.007767228683235353,0.0
0.0,0.0,0.0,0.2741312741312739,0.7258687258687261,0.0,0.0,0.0
0.0,0.0,0.0,0.0,0.7012662912895155,0.29873370871048455,0.0,0.0
0.0,0.0,0.0,0.0,0.7152034251763637,0.28479657482363624,0.0,0.0
0.0,0.0,0.0,0.0,0.9599483209613655,0.040051679038634505,0.0,0.0
0.0,0.0,0.0,0.0,0.9128919860743362,0.08710801392566382,0.0,0.0
0.0,0.0,0.0,0.0,0.9509202447414186,0.04907975525858143,0.0,0.0
0.0,0.0,0.0,0.28938773464532896,0.4778661464342876,0.23274611892038344,0.0,0.0
0.0,0.0,0.0,0.5388809202171567,0.4611190797828432,0.0,0.0,0.0
0.0,0.0,0.0,0.0,0.9953166814229227,0.004683318577077236,0.0,0.0
0.0,0.0,0.0,0.0,0.7129450730087312,0.2870549269912688,0.0,0.0
0.0,0.042622190793135756,0.0,0.1693151863151027,0.7559830248638401,0.03207959802792146,0.0,0.0
0.0,0.10063372166287787,0.0,0.4499740675375625,0.12961680126838535,0.3197754095311743,0.0,0.0
0.0,0.0,0.0,0.0381702922707593,0.8328537676506033,0.12897594007863739,0.0,0.0
0.0,0.0,0.0,0.06447100544032824,0.8030942886016833,0.13243470595798845,0.0,0.0
0.0,0.0,0.0,0.0,0.8430467939370815,0.15695320606291852,0.0,0.0
0.0,0.0,0.0,0.0,0.9875248085142626,0.012475191485737374,0.0,0.0
0.0,0.0,0.0,0.0,0.15985398113823868,0.5459956081044934,0.29415041075726783,0.0
0.0,0.0,0.0,0.25277537581599757,0.34873332158507814,0.39849130259892435,0.0,0.0
0.0,0.0,0.0,0.0,0.9252433613813938,0.07475663861860614,0.0,0.0
0.0,0.0,0.0,0.0,0.9612403105280032,0.03875968947199686,0.0,0.0
0.0,0.0,0.0,0.0,0.0,0.6050662037679029,0.3949337962320971,0.0
0.0,0.0,0.0,0.0,0.6132289672550391,0.3199490804458238,0.06682195229913714,0.0
0.0,0.0,0.0,0.0,0.8333887216888312,0.16661127831116884,0.0,0.0
0.0,0.0,0.0,0.0,0.5652591176432992,0.43474088235670083,0.0,0.0
0.0,0.0,0.0,0.2642258772970345,0.691457409325293,0.044316713377672456,0.0,0.0
0.0,0.0,0.0,0.04586611024780629,0.9134146731029666,0.0,0.04071921664922706,0.0
0.0,0.0,0.0,0.5043316839867078,0.49566831601329214,0.0,0.0,0.0
0.0,0.0,0.0,0.2720897551495935,0.46993300101055474,0.25797724383985177,0.0,0.0
0.0,0.007831350370677434,0.0,0.08132683637024858,0.5162924427492019,0.39454937050987204,0.0,0.0
0.0,0.0,0.0,0.0,0.11698717971821071,0.8830128202817893,0.0,0.0
0.0,0.0,0.0,0.0,0.7696709580577527,0.23032904194224735,0.0,0.0
0.0,0.0,0.0,0.0,0.7193500740744858,0.2806499259255142,0.0,0.0
0.0,0.0,0.0,0.011478208458781669,0.940355934451814,0.04816585708940435,0.0,0.0
0.0,0.0048600896505536645,0.0,0.07148325102759397,0.9020978130212434,0.021558846300608954,0.0,0.0
0.0,0.0,0.0,0.34021916541012986,0.2117212891620961,0.448059545427774,0.0,0.0
0.0,0.0,0.0,0.0,0.8704281901210219,0.129571809878978,0.0,0.0
0.0,0.0,0.0,0.0,0.9123194406657086,0.08768055933429142,0.0,0.0
0.0,0.0,0.0,0.0,0.7530017158599631,0.24699828414003686,0.0,0.0
0.0,0.0,0.0,0.0,0.9583619763395292,0.04163802366047073,0.0,0.0
0.0,0.0,0.0,0.0,1.0,0.0,0.0,0.0
0.0,0.0,0.0,0.2929292927340068,0.7070707072659932,0.0,0.0,0.0
0.0,0.0,0.0,0.027360796397767673,0.9100327757488017,0.06260642785343058,0.0,0.0
0.0,0.0,0.0,0.0,0.937771346460789,0.06222865353921102,0.0,0.0
0.0,0.0,0.0,0.0,0.9816625919115873,0.018337408088412634,0.0,0.0
0.0,0.0,0.0,0.0,0.7353361939564799,0.26466380604352013,0.0,0.0
0.0,0.0,0.0,0.4231334856946985,0.38776685033502506,0.18909966397027642,0.0,0.0
0.0,0.0,0.0,0.0,0.9663262490682573,0.033673750931742734,0.0,0.0
0.0,0.0,0.0,0.05596829309101592,0.8557107131808033,0.08832099372818081,0.0,0.0
0.0,0.0,0.0,0.0,0.8547368421052631,0.14526315789473687,0.0,0.0
0.0,0.0,0.0,0.0,0.9688667496797625,0.031133250320237477,0.0,0.0
0.0,0.0,0.0,0.0,0.9534574465445125,0.04654255345548755,0.0,0.0
0.0,0.0,0.0,0.0,0.5240963855421688,0.47590361445783125,0.0,0.0
0.0,0.0,0.0,0.3190682697285128,0.321418653350151,0.3595130769213361,0.0,0.0
0.0,0.0,0.0,0.10260090317647974,0.7386291874642986,0.1587699093592216,0.0,0.0
0.0,0.0,0.0,0.07657309173980287,0.7510132734201344,0.17241363484006278,0.0,0.0
0.0,0.0,0.0,0.0,0.9039256194133473,0.0960743805866527,0.0,0.0
0.0,0.0,0.0,0.09433258047252435,0.8124160567647748,0.09325136276270081,0.0,0.0
0.0,0.0,0.0,0.0,0.598922282628759,0.20183688596226565,0.19924083140897533,0.0
0.0,0.0,0.0,0.0,0.6072041167507038,0.3927958832492961,0.0,0.0
0.0,0.0,0.0,0.22297710899678314,0.49560964573140454,0.2814132452718123,0.0,0.0
0.0,0.0,0.0,0.0,0.8774217933699346,0.12257820663006533,0.0,0.0
0.0,0.0,0.0,0.19137466307277717,0.8086253369272228,0.0,0.0,0.0
0.0,0.0,0.0,0.1553485562863366,0.8446514437136634,0.0,0.0,0.0
0.0,0.06096487041558004,0.0,0.046036454182717436,0.889174749866744,0.0038239255349584887,0.0,0.0
0.0,0.0,0.0,0.0,0.700797872279503,0.2992021277204971,0.0,0.0
0.0,0.0,0.0,0.0,0.7245784794993146,0.17626186174875538,0.09915965875192997,0.0
0.0,0.0,0.0,0.38913770547653903,0.5545597933387204,0.056302501184740554,0.0,0.0
0.0,0.0,0.0,0.22382671506336582,0.7761732849366342,0.0,0.0,0.0
0.0,0.0,0.0,0.0,1.0,0.0,0.0,0.0
0.0,0.0,0.0,0.34528341810366936,0.6292039599120259,0.02551262198430468,0.0,0.0
0.0,0.0,0.0,0.0,1.0,0.0,0.0,0.0
0.0,0.0,0.0,0.0,0.5281430221295497,0.4637637726270767,0.008093205243373614,0.0
0.0,0.0,0.0,0.0,0.7187500002670201,0.2812499997329799,0.0,0.0
0.0,0.0,0.0,0.18529534226898925,0.5497382791275672,0.26496637860344346,0.0,0.0
0.0,0.0,0.027456647398844014,0.0,0.972543352601156,0.0,0.0,0.0
0.0,0.0,0.0,0.38418079096045255,0.6158192090395475,0.0,0.0,0.0
0.0,0.04378846050704162,0.0,0.0427182736396237,0.9134932658533347,0.0,0.0,0.0
0.0,0.06219086117970468,0.0,0.494794311120271,0.2574279967884092,0.18558683091161507,0.0,0.0
0.0,0.0,0.0,0.0,0.4168421052631578,0.5831578947368422,0.0,0.0
0.0,0.0,0.0,0.0,0.7214745222710859,0.26522477143551254,0.013300706293401502,0.0
0.0,0.0,0.0,0.0,0.9142578096115151,0.035072723468435214,0.050669466920049554,0.0
0.0,0.0,0.06995703497031883,0.0,0.8674226360547904,0.06262032897489078,0.0,0.0
0.0,0.0,0.0,0.22584834898130574,0.4659127828279634,0.30823886819073093,0.0,0.0
0.0,0.0,0.0,0.2211094330103991,0.5775470424668758,0.20134352452272505,0.0,0.0
0.0,0.01888665058367997,0.0,0.10466331114407215,0.6749830533083169,0.20146698496393098,0.0,0.0
0.0,0.0,0.0,0.0,0.8814001497480028,0.03586732952678217,0.08273252072521502,0.0
0.0,0.0,0.07397475402202168,0.0,0.8885503008604223,0.0,0.03747494511755597,0.0
0.0,0.03703448027331657,0.0,0.0,0.7800700631050536,0.15727847756775098,0.02561697905387892,0.0
0.0,0.0,0.0,0.07026436346214149,0.6511719815955389,0.21947975738334896,0.05908389755897063,0.0
0.0,0.0,0.0,0.1300255017640723,0.47842745847067475,0.36010050599764415,0.03144653376760881,0.0
0.0,0.0,0.0,0.10996294682025642,0.47261948615607163,0.3756554375782136,0.041762129445458325,0.0
0.0,0.0021755728399900365,0.0,0.3736620892668859,0.4194682506037553,0.20469408728936875,0.0,0.0
0.0,0.0,0.0,0.0,0.0,1.0,0.0,0.0
0.0,0.0,0.0,0.0,0.0,0.8322339488204564,0.16776605117954357,0.0
0.0,0.0,0.0,0.25606462772425065,0.4089915862485285,0.28983105572965523,0.045112730297565566,0.0
0.0007488188473335838,0.0,0.0,0.08943476907503765,0.6814736453820063,0.11029554751045369,0.1180472191851688,0.0
0.0,0.0,0.0,0.08118970396814873,0.6259906191826773,0.07889262312117246,0.21392705372800158,0.0
0.0,0.0,0.0,0.5401393655367013,0.020322431467718085,0.43953820299558066,0.0,0.0
0.0,0.0,0.0,0.0,0.725403509362282,0.10505289504297531,0.16954359559474264,0.0
0.0,0.0,0.0,0.14034197571312615,0.12647561694864082,0.6705811269742467,0.06260128036398638,0.0
0.0,0.0,0.0,0.0,0.46329245021962145,0.36353748096679456,0.17317006881358404,0.0
0.0,0.0,0.0,0.4842433332505937,0.026390490839668553,0.4758686295966517,0.013497546313086018,0.0
0.0,0.0,0.0,0.1547219247267242,0.5967380353315552,0.08526840087964002,0.16327163906208048,0.0
0.0,0.0,0.17769526921397227,0.0,0.734341588411116,0.0,0.08796314237491176,0.0
0.0,0.0,0.0,0.02595678577505367,0.74025160377534,0.007298629657862598,0.22649298079174368,0.0
0.0,0.0,0.17489095597618667,0.0,0.7171622055413707,0.0,0.10794683848244274,0.0
0.0,0.0,0.15895489671947,0.0,0.7125967012980157,0.0,0.12844840198251442,0.0
0.0,0.0,0.2563480031180098,0.0,0.6814920991737046,0.0,0.06215989770828553,0.0
0.0,0.0,0.3552068473609131,0.0,0.6447931526390869,0.0,0.0,0.0
0.0,0.0,0.3696275071633237,0.0,0.6303724928366763,0.0,0.0,0.0
0.0,0.1237361970622933,0.0,0.08485822429862536,0.7405500358510454,0.0,0.0,0.050855542788035966
0.0,0.06422382111325778,0.044157316432706865,0.09243300449094285,0.7146209913122795,0.0,0.0,0.08456486665081302
0.0,0.0,0.09295407835057531,0.03096990785116674,0.6479759247545712,0.0,0.22810008904368673,0.0
0.0,0.0,0.0,0.0,0.6839826839826839,0.0,0.3160173160173161,0.0
0.0,0.0,0.0,0.0,0.5931773928440628,0.09351406035844556,0.3133085467974917,0.0
0.0,0.0,0.049623415645895876,0.0,0.6238567965456854,0.033014615761457,0.29350517204696175,0.0
0.0,0.0,0.0,0.6688600989325937,0.05799137139380726,0.12385748942838685,0.1492910402452122,0.0
0.0,0.0,0.0,0.6196413448038531,0.0,0.25612899728184857,0.0846996759238338,0.039529981990464494
0.08775034784729584,0.0,0.0,0.44621679773304246,0.0,0.46603285441966175,0.0,0.0
0.0,0.0,0.0,0.49994134186093914,0.0,0.30167651512606636,0.19838214301299448,0.0
0.0,0.0,0.0,0.0,0.6081044446814434,0.007378328191468433,0.3845172271270881,0.0
0.0,0.0,0.0,0.0,0.6045503791982665,0.0,0.39544962080173346,0.0
0.0,0.0,0.49716703993882005,0.0,0.4810814365357041,0.0,0.021751523525475807,0.0
0.0,0.0,0.33845257591296024,0.0,0.5062411008756269,0.0,0.1553063232114129,0.0
0.0,0.006535041125515062,0.0,0.6907031922040211,0.0,0.16134772214364618,0.049198395632678416,0.09221564889413926
0.0,0.002976565010296972,0.33375526164420266,0.2517583700938818,0.20193763509265614,0.1114931875463329,0.09807898061262957,0.0
0.027154765942099625,0.0,0.0,0.0,0.6889904620354025,0.037066711640863205,0.05327842323887354,0.19350963714276112
0.0,0.0,0.34721649348463873,0.0,0.46187850529995284,0.0,0.19090500121540846,0.0
0.0,0.0,0.0,0.0,0.35683643137444604,0.19971147002160564,0.44345209860394824,0.0
0.0,0.2334237815113841,0.08441257194256102,0.0,0.6350711980429667,0.0,0.0,0.04709244850308816
0.0,0.06493744462280465,0.0,0.4126231566023361,0.0,0.291146615861686,0.21040833127961378,0.020884451633559457
0.0,0.0,0.11539019119327668,0.24936961962145696,0.28696684986421617,0.0,0.3482733393210502,0.0
0.0,0.0,0.5727384628909653,0.0,0.35172287637261557,0.0,0.07553866073641913,0.0
0.0,0.0,0.6855524079320112,0.0,0.3144475920679888,0.0,0.0,0.0
0.0,0.0,0.09863765009942149,0.0,0.4005951990034138,0.045908001755749064,0.4548591491414157,0.0
0.002852004130384445,0.0,0.13289127233645293,0.0,0.42418387664147195,0.0,0.4400728468916907,0.0
0.0,0.014552336284702316,0.3499740839057568,0.04598715566016742,0.439247346859004,0.0,0.0,0.1502390772903695
0.0,0.26574409605158356,0.0,0.517450322151054,0.0,0.19219549065172375,0.024610091145638655,0.0
0.0,0.19091311799286903,0.0,0.4391783825188355,0.15936529814376663,0.06588121889583196,0.09721100161793793,0.04745098083075888
0.0,0.17876061485303574,0.0,0.3330224559921976,0.0,0.35805179275778914,0.03331375895499144,0.096851377441986
0.0,0.20922089507653885,0.0,0.2600130711636964,0.0,0.3498791652567235,0.1695786320786261,0.01130823642441513
0.13627041677220278,0.0,0.0,0.008956058460943689,0.0,0.6007396826243514,0.2540338421425022,0.0
0.16351938269492688,0.03316436769480041,0.0,0.0,0.0,0.6454462329361218,0.15787001667415093,0.0
0.23253584357433166,0.0,0.0,0.4730001709744603,0.0,0.294463985451208,0.0,0.0
0.23510516183466576,0.0,0.0,0.6049911129128761,0.10370595694862868,0.05619776830382936,0.0,0.0
0.0,0.1280119589543678,0.0,0.35309926407341174,0.0,0.14926575715244506,0.36962301981977547,0.0
0.0,0.0,0.13194406509648346,0.005902875217327824,0.5147347096366822,0.0,0.028624932816800428,0.31879341723270604
0.047656705831221335,0.011923571068297167,0.0,0.7190423920549176,0.0,0.0,0.001329777671290889,0.2200475533742729
0.0,0.0,0.6250350170626094,0.0,0.15037196132760788,0.0,0.22459302160978273,0.0
0.0,0.0975035526116298,0.0,0.09532541166596636,0.0,0.29349038130286736,0.5136806544195365,0.0
0.0,0.045602824384902985,0.09817434501393557,0.4326480107423023,0.10389644702815863,0.0,0.10553389243997514,0.2141444803907254
0.0,0.03152748424870666,0.0,0.4141220491456301,0.0,0.2304885754948288,0.0043838383443117615,0.31947805276652264
0.06462313992547855,0.0,0.0,0.4408703454126086,0.0,0.21881893400456506,0.0,0.2756875806573478
0.0,0.1482376890579582,0.0,0.11976975288620406,0.0,0.3931498378211937,0.15832760163550072,0.18051511859914326
0.0,0.0,0.0,0.0,0.0,0.5934738273283481,0.0,0.40652617267165203
0.0,0.0,0.0,0.32469863945917654,0.03760076775216592,0.0,0.5414026844725491,0.0962979083161084
0.0,0.06204154056049918,0.0,0.0,0.01611778549511803,0.23476435516934707,0.6870763187750357,0.0
0.0,0.21281143907876587,0.0,0.0,0.4102470556793635,0.0,0.18482086117142496,0.19212064407044577
0.12360506710988473,0.02596687051130339,0.08378137280240841,0.5824482407040396,0.0,0.0,0.0,0.18419844887236392
0.0,0.3362882960448861,0.0,0.34037092542844694,0.0,0.06802053293362988,0.25018317238175636,0.00513707321128076
0.0,0.1351558056588935,0.5444493233332048,0.0,0.11982709247313623,0.0,0.1314040749567668,0.06916370357799856
0.11095190290671632,0.2573134230913053,0.0,0.0,0.0,0.4543693708002496,0.12923008886652293,0.04813521433520583
0.0766639842338339,0.0,0.0,0.22290504056875599,0.0,0.03331585372040142,0.6671151214770087,0.0
0.0,0.0,0.550476190476191,0.0,0.0,0.0,0.44952380952380905,0.0
0.039892998161791114,0.05112605737343651,0.17816410622095932,0.3206610179006062,0.09964239899579339,0.0,0.0,0.31051342134741344
0.0,0.2540862122131803,0.47876264315994477,0.022544281710775344,0.10555741929092151,0.0,0.06853437332096159,0.07051507030421644
0.0,0.06759581881533128,0.7986837011227255,0.0,0.0,0.0,0.0,0.1337204800619433
0.0,0.4587454481995936,0.0995744050677353,0.0,0.08751420849757678,0.15505106486382753,0.19911487337126693,0.0
0.0,0.15585707252294065,0.0,0.0031161092464423107,0.0,0.2882509549028955,0.3389863767126091,0.21378948661511238
0.3980317192421974,0.0,0.0,0.0,0.0,0.51702103049333,0.08494725026447254,0.0
0.0,0.0,0.0,0.0,0.0,0.0,1.0,0.0
0.125163774853048,0.0,0.428227456457425,0.0,0.1609581547687123,0.0,0.08537588688238205,0.2002747270384326
0.0632352949413626,0.0,0.9367647050586374,0.0,0.0,0.0,0.0,0.0
0.0771797489037662,0.07923237721728829,0.7924834318619137,0.0,0.0,0.0,0.0,0.051104442017031744
0.10806012761501095,0.06435770864141542,0.7747319826513569,0.0,0.0,0.0,0.027329571786441704,0.025520609305775023
0.0,0.376474092595258,0.0,0.2907458790749703,0.01671036987771089,0.0,0.13098044988701993,0.1850892085650409
0.29963834615518126,0.0467355960104755,0.0,0.0,0.0,0.30182192875891023,0.351804129075433,0.0
0.007025641940595931,0.0,0.0,0.0,0.07026360234863552,0.0,0.6974696146698349,0.22524114104093365
0.08426284099889929,0.1724054072696502,0.32364194026975446,0.07018467971538922,0.1034493528728255,0.0,0.0,0.2460557788734813
0.0,0.4847304727304217,0.4731399644687173,0.0,0.0,0.0,0.014351303430016808,0.027778259370844265
0.008101109344753164,0.1977558856807543,0.5557810326121876,0.0,0.0,0.0,0.0,0.2383619723623049
0.0,0.5664506966688319,0.0,0.18444874248895543,0.0,0.0,0.19141834129175528,0.057682219550457506
0.23144138074676995,0.0,0.33952834853669206,0.10864677547649548,0.08420742002587979,0.0,0.0,0.23617607521416276
0.15026041392045114,0.1805465893057952,0.250163591158722,0.0,0.0,0.0,0.41902940561503166,0.0
0.0,0.0,0.9383333332695334,0.0,0.0,0.0,0.061666666730466634,0.0
0.03598498130347054,0.35272618215305235,0.0,0.0,0.0,0.2641401230085243,0.0,0.3471487135349528
0.08997556791277897,0.10115482247494617,0.0,0.04062897701436561,0.0,0.2710510150352731,0.0,0.49718961756263613
0.2379919729710321,0.07579738091428415,0.006128215806698398,0.36186642187156237,0.0,0.0,0.0,0.3182160084364229
0.061818006609772276,0.3596604463709426,0.13994423684186416,0.11743005055742896,0.0,0.0,0.10293587991662666,0.2182113797033654
0.2850913993543936,0.08185194326715856,0.0,0.3545731826988249,0.0,0.0,0.0,0.278483474679623
0.0,0.2412773787018095,0.35660154591359866,0.0,0.0,0.0,0.4021210753845919,0.0
0.12268914451115781,0.0,0.22807568566071315,0.0,0.0,0.0,0.5768926778768415,0.07234249195128753
0.003092751545905301,0.41130988458947787,0.0,0.0,0.0,0.1779106628691212,0.0,0.4076867009954956
0.12791132737767785,0.0,0.1820169815199788,0.17297801443814143,0.0,0.0,0.0,0.5170936766642019
0.0,0.5343966895454699,0.46560331045453013,0.0,0.0,0.0,0.0,0.0
0.1082266378230748,0.5057624266727406,0.26838273518589634,0.0,0.0,0.0,0.0,0.11762820031828818
0.07633296588854785,0.2974318319455811,0.21950197054371573,0.0,0.0,0.0,0.10753677811032906,0.29919645351182633
0.3581932480275133,0.08274536958417827,0.0,0.0,0.0,0.04152326564733584,0.4953157035812007,0.022222413159771956
0.2666176032652164,0.0,0.27462529872707636,0.0,0.0,0.0,0.24282855822650892,0.2159285397811983
0.0,0.43058832645274037,0.43944710905776685,0.0,0.0,0.0,0.0,0.12996456448949276
0.0649414595039388,0.4494275486938488,0.0,0.04294008526122516,0.0,0.0,0.14928385152526652,0.29340705501572073
0.16375292141203487,0.3698887108856087,0.0,0.0,0.0,0.1044000255171694,0.06258810185844879,0.29937024032673815
0.22612626539981404,0.2502311027143479,0.0,0.10425850590868659,0.0,0.05777379131534674,0.0,0.36161033466180464
0.4011278100247817,0.048883529096453104,0.008129402638562723,0.19023909809374023,0.0,0.0,0.08794889849390927,0.26367126165255295
0.0,0.0,0.8180784536668557,0.0,0.0,0.0,0.0,0.18192154633314425
0.0006563899167050308,0.01816068573092832,0.9811829243523666,0.0,0.0,0.0,0.0,0.0
0.41748369132697866,0.06712135694240623,0.1472076114450744,0.11042224599305546,0.0,0.0,0.0,0.2577650942924852
0.3556348485270839,0.4625710787925051,0.17548853411736096,0.0,0.0,0.0,0.0,0.006305538563050024
0.3045703359755354,0.2801018205582386,0.1840959708211578,0.0,0.0,0.0,0.0,0.2312318726450682
0.02923635452500052,0.4012869870180421,0.0,0.0,0.0,0.0,0.04876940216686268,0.5207072562900947
0.02865717876734743,0.0029471848750951372,0.0,0.0,0.0,0.07762123311388758,0.0,0.8907744032436699
0.5020350280400874,0.0,0.0,0.0,0.0,0.0,0.4005293214731113,0.09743565048680125
0.4746755994524964,0.0,0.0,0.0,0.0,0.20639888797218064,0.31892551257532303,0.0
0.2435185011079977,0.011457220461463385,0.0,0.0,0.0,0.075409964454025,0.03570932230149246,0.6339049916750215
0.31602829637395385,0.39865899676296274,0.0,0.0,0.0,0.0,0.08031919490562371,0.2049935119574597
0.17752025493416332,0.006982478200743103,0.09474477651259203,0.0,0.0,0.0,0.0,0.7207524903525016
0.3254066884151518,0.34157917323398485,0.0,0.0,0.0,0.0,0.05878817243444397,0.27422596591641935
0.0,0.0,0.0,0.0,0.0,0.0,0.0,1.0
0.18167289387298055,0.0,0.0,0.0,0.0,0.29633011025042244,0.521996995876597,0.0
0.5151775027027911,0.0,0.0,0.0,0.0,0.13892504154144392,0.3458974557557651,0.0
0.328837280030065,0.0,0.0,0.03982011570089785,0.0,0.0,0.0,0.6313426042690368
0.20643218654215104,0.6018935655028304,0.061783131911438846,0.0,0.0,0.0,0.1298911160435798,0.0
0.04449355255976524,0.16994762336516117,0.05001515954920195,0.0,0.0,0.0,0.10439917345735202,0.6311444910685197
0.7281168853931116,0.022804185022246015,0.0,0.0,0.0,0.0492046332378119,0.09980800257557348,0.10006629377125706
0.583759153226293,0.013215470895143189,0.0,0.0,0.0,0.0462785809507987,0.017717984518337185,0.33902881040942784
0.4457634959448666,0.04904000792177793,0.0,0.0,0.0,0.0,0.47674095036195696,0.02845554577139852
0.0867311068541887,0.13754872159457285,0.0,0.0,0.0,0.004724505565444521,0.513626465267688,0.257369200718106
0.42231625053936633,0.12277848584349033,0.0,0.0,0.0,0.0,0.30555101608454527,0.14935424753259807
0.11348643419301334,0.11211631949583108,0.0,0.0,0.0,0.0,0.31313381887591807,0.4612634274352375
0.10929528626675454,0.0,0.5004532410934174,0.0,0.0,0.0,0.3902514726398281,0.0
0.0,0.0,0.8549296553277647,0.0,0.0,0.0,0.11411296248012552,0.03095738219210986
0.206943235546466,0.0,0.5761738807429838,0.0,0.0,0.0,0.07163826454595214,0.14524461916459808
0.0,0.0,0.5414268001105199,0.0,0.0,0.0,0.26887735461725165,0.1896958452722285
0.0,0.19534144611595927,0.0,0.0,0.0,0.0,0.7187288079108594,0.08592974597318141
0.46956630185405335,0.046029796741286266,0.0,0.0,0.0,0.0,0.4313322195385371,0.05307168186612328
0.043907288868116054,0.0,0.44919697933892433,0.0,0.0,0.0,0.25286308543406816,0.2540326463588915
